email,password,role
oliver.iyer.1@workconnect.dev,Freelance#2025,freelancer
elijah.khan.2@demo.local,Freelance#2025,freelancer
diya.rao.3@workconnect.dev,Freelance#2025,freelancer
aadhya.davis.4@demo.local,Freelance#2025,freelancer
kabir.jones.5@workconnect.dev,Freelance#2025,freelancer
benjamin.garcia.6@example.com,Freelance#2025,freelancer
william.shah.7@example.com,Freelance#2025,freelancer
liam.shah.8@example.com,Freelance#2025,freelancer
liam.shah.9@example.com,Freelance#2025,freelancer
harper.martinez.10@workconnect.dev,Freelance#2025,freelancer
mia.nair.11@example.com,Freelance#2025,freelancer
henry.brown.12@workconnect.dev,Freelance#2025,freelancer
ishaan.khan.13@demo.local,Freelance#2025,freelancer
elijah.johnson.14@workconnect.dev,Freelance#2025,freelancer
theodore.das.15@testmail.io,Freelance#2025,freelancer
lucas.rao.16@testmail.io,Freelance#2025,freelancer
james.rodriguez.17@example.com,Freelance#2025,freelancer
james.nair.18@workconnect.dev,Freelance#2025,freelancer
ishaan.menon.19@workconnect.dev,Freelance#2025,freelancer
emma.johnson.20@demo.local,Freelance#2025,freelancer
isabella.patel.21@demo.local,Freelance#2025,freelancer
mia.rodriguez.22@demo.local,Freelance#2025,freelancer
charlotte.rao.23@testmail.io,Freelance#2025,freelancer
evelyn.williams.24@testmail.io,Freelance#2025,freelancer
aadhya.jones.25@testmail.io,Freelance#2025,freelancer
advait.menon.26@demo.local,Freelance#2025,freelancer
vihaan.rao.27@workconnect.dev,Freelance#2025,freelancer
olivia.gupta.28@demo.local,Freelance#2025,freelancer
advait.patel.29@workconnect.dev,Freelance#2025,freelancer
mia.johnson.30@testmail.io,Freelance#2025,freelancer
liam.johnson.31@testmail.io,Freelance#2025,freelancer
theodore.martinez.32@demo.local,Freelance#2025,freelancer
sophia.johnson.33@testmail.io,Freelance#2025,freelancer
benjamin.miller.34@workconnect.dev,Freelance#2025,freelancer
william.das.35@workconnect.dev,Freelance#2025,freelancer
anaya.menon.36@demo.local,Freelance#2025,freelancer
aarohi.nair.37@workconnect.dev,Freelance#2025,freelancer
lucas.gupta.38@workconnect.dev,Freelance#2025,freelancer
charlotte.shah.39@example.com,Freelance#2025,freelancer
oliver.hernandez.40@example.com,Freelance#2025,freelancer
isabella.khan.41@example.com,Freelance#2025,freelancer
william.williams.42@workconnect.dev,Freelance#2025,freelancer
emma.miller.43@example.com,Freelance#2025,freelancer
noah.johnson.44@demo.local,Freelance#2025,freelancer
james.brown.45@workconnect.dev,Freelance#2025,freelancer
ishaan.das.46@workconnect.dev,Freelance#2025,freelancer
elijah.johnson.47@demo.local,Freelance#2025,freelancer
aarav.menon.48@example.com,Freelance#2025,freelancer
mia.patel.49@testmail.io,Freelance#2025,freelancer
aadhya.singh.50@demo.local,Freelance#2025,freelancer
theodore.patel.1001@example.com,Client#2025,client
kabir.singh.1002@example.com,Client#2025,client
kabir.singh.1003@demo.local,Client#2025,client
mia.miller.1004@workconnect.dev,Client#2025,client
oliver.khan.1005@testmail.io,Client#2025,client
aarav.jones.1006@testmail.io,Client#2025,client
aarohi.miller.1007@example.com,Client#2025,client
harper.garcia.1008@testmail.io,Client#2025,client
lucas.shah.1009@demo.local,Client#2025,client
diya.menon.1010@demo.local,Client#2025,client
oliver.martinez.1011@example.com,Client#2025,client
isabella.rodriguez.1012@example.com,Client#2025,client
isabella.rodriguez.1013@example.com,Client#2025,client
james.jones.1014@example.com,Client#2025,client
elijah.hernandez.1015@demo.local,Client#2025,client
lucas.gupta.1016@testmail.io,Client#2025,client
harper.singh.1017@testmail.io,Client#2025,client
theodore.shah.1018@workconnect.dev,Client#2025,client
sophia.nair.1019@example.com,Client#2025,client
ishaan.nair.1020@testmail.io,Client#2025,client
benjamin.martinez.1021@testmail.io,Client#2025,client
isabella.jones.1022@testmail.io,Client#2025,client
advait.miller.1023@workconnect.dev,Client#2025,client
isabella.hernandez.1024@demo.local,Client#2025,client
amelia.garcia.1025@demo.local,Client#2025,client
aarav.williams.1026@testmail.io,Client#2025,client
lucas.singh.1027@testmail.io,Client#2025,client
anaya.khan.1028@testmail.io,Client#2025,client
ishaan.shah.1029@workconnect.dev,Client#2025,client
ishaan.hernandez.1030@demo.local,Client#2025,client
ishaan.das.1031@workconnect.dev,Client#2025,client
theodore.jones.1032@testmail.io,Client#2025,client
aadhya.shah.1033@testmail.io,Client#2025,client
advait.davis.1034@testmail.io,Client#2025,client
aarohi.jones.1035@testmail.io,Client#2025,client
aarav.brown.1036@testmail.io,Client#2025,client
theodore.miller.1037@demo.local,Client#2025,client
henry.brown.1038@workconnect.dev,Client#2025,client
amelia.das.1039@workconnect.dev,Client#2025,client
ishaan.hernandez.1040@demo.local,Client#2025,client
charlotte.rodriguez.1041@testmail.io,Client#2025,client
aadhya.shah.1042@demo.local,Client#2025,client
charlotte.singh.1043@demo.local,Client#2025,client
benjamin.gupta.1044@demo.local,Client#2025,client
aadhya.hernandez.1045@example.com,Client#2025,client
aarohi.garcia.1046@example.com,Client#2025,client
charlotte.iyer.1047@testmail.io,Client#2025,client
vihaan.nair.1048@workconnect.dev,Client#2025,client
amelia.iyer.1049@demo.local,Client#2025,client
evelyn.johnson.1050@testmail.io,Client#2025,client
vihaan.nair.2001@testmail.io,Agency#2025,agency
sophia.das.2002@demo.local,Agency#2025,agency
evelyn.das.2003@example.com,Agency#2025,agency
ishaan.rao.2004@example.com,Agency#2025,agency
kabir.menon.2005@demo.local,Agency#2025,agency
william.miller.2006@workconnect.dev,Agency#2025,agency
charlotte.khan.2007@testmail.io,Agency#2025,agency
anaya.garcia.2008@demo.local,Agency#2025,agency
benjamin.martinez.2009@example.com,Agency#2025,agency
olivia.jones.2010@testmail.io,Agency#2025,agency
william.martinez.2011@workconnect.dev,Agency#2025,agency
aadhya.hernandez.2012@example.com,Agency#2025,agency
sophia.martinez.2013@testmail.io,Agency#2025,agency
william.jones.2014@example.com,Agency#2025,agency
oliver.singh.2015@example.com,Agency#2025,agency
vihaan.rodriguez.2016@workconnect.dev,Agency#2025,agency
saanvi.khan.2017@demo.local,Agency#2025,agency
aadhya.singh.2018@workconnect.dev,Agency#2025,agency
aadhya.rao.2019@example.com,Agency#2025,agency
oliver.shah.2020@workconnect.dev,Agency#2025,agency
benjamin.davis.2021@testmail.io,Agency#2025,agency
noah.miller.2022@demo.local,Agency#2025,agency
william.brown.2023@workconnect.dev,Agency#2025,agency
william.khan.2024@demo.local,Agency#2025,agency
james.jones.2025@demo.local,Agency#2025,agency
advait.singh.2026@example.com,Agency#2025,agency
amelia.hernandez.2027@testmail.io,Agency#2025,agency
ava.williams.2028@workconnect.dev,Agency#2025,agency
liam.nair.2029@workconnect.dev,Agency#2025,agency
ishaan.jones.2030@example.com,Agency#2025,agency
liam.miller.2031@workconnect.dev,Agency#2025,agency
lucas.miller.2032@testmail.io,Agency#2025,agency
benjamin.rao.2033@testmail.io,Agency#2025,agency
noah.gupta.2034@testmail.io,Agency#2025,agency
elijah.brown.2035@testmail.io,Agency#2025,agency
sophia.iyer.2036@example.com,Agency#2025,agency
benjamin.brown.2037@workconnect.dev,Agency#2025,agency
mia.khan.2038@testmail.io,Agency#2025,agency
charlotte.iyer.2039@example.com,Agency#2025,agency
theodore.khan.2040@demo.local,Agency#2025,agency
theodore.das.2041@example.com,Agency#2025,agency
noah.garcia.2042@demo.local,Agency#2025,agency
james.brown.2043@example.com,Agency#2025,agency
noah.jones.2044@testmail.io,Agency#2025,agency
elijah.patel.2045@demo.local,Agency#2025,agency
aadhya.khan.2046@demo.local,Agency#2025,agency
sophia.das.2047@testmail.io,Agency#2025,agency
amelia.das.2048@example.com,Agency#2025,agency
noah.brown.2049@testmail.io,Agency#2025,agency
charlotte.williams.2050@workconnect.dev,Agency#2025,agency
